{"name":"20ebd1d1-b374-4565-9a93-26a8294af153","id":"/providers/Microsoft.Flow/flows/20ebd1d1-b374-4565-9a93-26a8294af153","type":"Microsoft.Flow/flows","properties":{"apiId":"/providers/Microsoft.PowerApps/apis/shared_logicflows","displayName":"Apply System Administrator Role to All Environments for Current User","definition":{"metadata":{"workflowEntityId":null,"processAdvisorMetadata":null,"flowChargedByPaygo":null,"flowclientsuspensionreason":"None","flowclientsuspensiontime":null,"flowclientsuspensionreasondetails":null,"creator":{"id":"54bb79ce-e9b3-471e-b2f9-9b80fec31256","type":"User","tenantId":"04b9e073-f7cf-4c95-9f91-e6d55d5a3797"},"provisioningMethod":"FromDefinition","failureAlertSubscription":true,"clientLastModifiedTime":"2026-01-14T19:32:44.553253Z","connectionKeySavedTimeKey":"2026-01-14T19:32:44.553253Z","creationSource":"Portal","modifiedSources":"Portal"},"$schema":"https://schema.management.azure.com/providers/Microsoft.Logic/schemas/2016-06-01/workflowdefinition.json#","contentVersion":"undefined","parameters":{"$authentication":{"defaultValue":{},"type":"SecureObject"},"$connections":{"defaultValue":{},"type":"Object"}},"triggers":{"manual":{"type":"Request","kind":"Button","inputs":{"schema":{"type":"object","properties":{},"required":[]}}}},"actions":{"List_Environments_as_Admin":{"runAfter":{},"type":"OpenApiConnection","inputs":{"parameters":{"api-version":"2018-10-01"},"host":{"apiId":"/providers/Microsoft.PowerApps/apis/shared_powerplatformforadmins","connectionName":"shared_powerplatformforadmins","operationId":"Get-AdminEnvironment"},"authentication":{"value":"@json(decodeBase64(triggerOutputs().headers['X-MS-APIM-Tokens']))['$ConnectionKey']","type":"Raw"}}},"For_each_-_Environment":{"foreach":"@body('Filter_array_-_Environments_With_Dataverse')","actions":{"Apply_the_system_administrator_role_to_the_selected_user":{"type":"OpenApiConnection","inputs":{"parameters":{"api-version":"2022-03-01-preview","environmentId":"@items('For_each_-_Environment')?['name']"},"host":{"apiId":"/providers/Microsoft.PowerApps/apis/shared_powerplatformadminv2","connectionName":"shared_powerplatformadminv2","operationId":"ApplyAdminRole"},"authentication":{"value":"@json(decodeBase64(triggerOutputs().headers['X-MS-APIM-Tokens']))['$ConnectionKey']","type":"Raw"}}}},"runAfter":{"Filter_array_-_Environments_With_Dataverse":["Succeeded"]},"type":"Foreach","runtimeConfiguration":{"concurrency":{"repetitions":10}}},"Filter_array_-_Environments_With_Dataverse":{"runAfter":{"List_Environments_as_Admin":["Succeeded"]},"type":"Query","inputs":{"from":"@outputs('List_Environments_as_Admin')?['body/value']","where":"@not(equals(item()?['properties/linkedEnvironmentMetadata/instanceApiUrl'],null))"}}}},"connectionReferences":{"shared_powerplatformadminv2":{"connectionName":"shared-powerplatform-70019b35-cc99-477d-b6eb-d546a590a69e","source":"Invoker","id":"/providers/Microsoft.PowerApps/apis/shared_powerplatformadminv2","tier":"NotSpecified","apiName":"powerplatformadminv2","isProcessSimpleApiReferenceConversionAlreadyDone":false},"shared_powerplatformforadmins":{"connectionName":"7fb7c00dd4cd4df7af487c6d2c45577f","source":"Invoker","id":"/providers/Microsoft.PowerApps/apis/shared_powerplatformforadmins","tier":"NotSpecified","apiName":"powerplatformforadmins","isProcessSimpleApiReferenceConversionAlreadyDone":false}},"flowFailureAlertSubscribed":false,"isManaged":false}}