{"name":"ecf3326c-d3be-45d8-9621-daca537e4df2","id":"/providers/Microsoft.Flow/flows/ecf3326c-d3be-45d8-9621-daca537e4df2","type":"Microsoft.Flow/flows","properties":{"apiId":"/providers/Microsoft.PowerApps/apis/shared_logicflows","displayName":"Dataverse Security Role Reporting","definition":{"metadata":{"workflowEntityId":null,"processAdvisorMetadata":null,"flowChargedByPaygo":null,"flowclientsuspensionreason":"None","flowclientsuspensiontime":null,"flowclientsuspensionreasondetails":null,"creator":{"id":"54bb79ce-e9b3-471e-b2f9-9b80fec31256","type":"User","tenantId":"04b9e073-f7cf-4c95-9f91-e6d55d5a3797"},"provisioningMethod":"FromDefinition","failureAlertSubscription":true,"clientLastModifiedTime":"2025-04-21T14:28:14.873802Z","connectionKeySavedTimeKey":"2025-04-21T14:28:14.873802Z","creationSource":"Portal","modifiedSources":"Portal"},"$schema":"https://schema.management.azure.com/providers/Microsoft.Logic/schemas/2016-06-01/workflowdefinition.json#","contentVersion":"undefined","parameters":{"$authentication":{"defaultValue":{},"type":"SecureObject"},"$connections":{"defaultValue":{},"type":"Object"}},"triggers":{"manual":{"type":"Request","kind":"Button","inputs":{"schema":{"type":"object","properties":{},"required":[]}}}},"actions":{"List_rows_-_Users":{"runAfter":{"Initialize_variable_-_RoleTablePermissionsList":["Succeeded"],"Initialize_variable_-_UserRoleList":["Succeeded"],"Initialize_variable_-_AllRolesContainingMembers_RoleUniqueId":["Succeeded"]},"type":"OpenApiConnection","inputs":{"parameters":{"entityName":"systemusers","$select":"firstname,lastname,azureactivedirectoryobjectid,systemuserid","$filter":"azureactivedirectoryobjectid ne null","$expand":"systemuserroles_association($select=name,roleid,roleidunique,roletemplateid,_roletemplateid_value)"},"host":{"apiId":"/providers/Microsoft.PowerApps/apis/shared_commondataserviceforapps","connectionName":"shared_commondataserviceforapps","operationId":"ListRecords"},"authentication":"@parameters('$authentication')"},"runtimeConfiguration":{"paginationPolicy":{"minimumItemCount":100000}}},"Initialize_variable_-_AllRolesContainingMembers_RoleUniqueId":{"runAfter":{"Initialize_variable_-_AllRolesContainingMembers_RoleId":["Succeeded"]},"type":"InitializeVariable","inputs":{"variables":[{"name":"AllRolesContainingMembers_RoleUniqueId","type":"array"}]}},"For_each_-_User":{"foreach":"@outputs('List_rows_-_Users')?['body/value']","actions":{"For_each_-_User_Role":{"foreach":"@items('For_each_-_User')?['systemuserroles_association']","actions":{"Condition_-_Role_is_not_already_added_to_array":{"actions":{"Invoke_an_HTTP_request_-_RetrieveRolePrivilegesRole":{"runAfter":{"Append_to_array_variable_-_AllRolesContainingMembers_RoleUniqueId":["Succeeded"],"Append_to_array_variable_-_AllRolesContainingMembers_RoleId":["Succeeded"],"Condition_-_RoleTemplateId_not_null":["Succeeded"]},"type":"OpenApiConnection","inputs":{"parameters":{"request/method":"GET","request/url":"@{variables('EnvironmentDynamicsUrl')}/api/data/v9.0/RetrieveRolePrivilegesRole(RoleId=@{items('For_Each_-_User_Role')?['roleId']})"},"host":{"apiId":"/providers/Microsoft.PowerApps/apis/shared_webcontents","connectionName":"shared_webcontents-1","operationId":"InvokeHttp"},"authentication":{"value":"@json(decodeBase64(triggerOutputs().headers['X-MS-APIM-Tokens']))['$ConnectionKey']","type":"Raw"}}},"For_each_-_RolePrivilege":{"foreach":"@body('Invoke_an_HTTP_request_-_RetrieveRolePrivilegesRole')?['RolePrivileges']","actions":{"Filter_array":{"type":"Query","inputs":{"from":"@body('Invoke_an_HTTP_request_-_EntityDefinitions')?['value']","where":"@contains(string(item()?['Privileges']),items('For_each_-_RolePrivilege')?['PrivilegeId'])"}},"For_each":{"foreach":"@outputs('Filter_array')['body']","actions":{"Append_to_array_variable_-_RoleTablePermissionsList":{"type":"AppendToArrayVariable","inputs":{"name":"RoleTablePermissionsList","value":{"PrivilegeName":"@{items('For_each_-_RolePrivilege')?['PrivilegeName']}","PrivilegeId":"@{items('For_each_-_RolePrivilege')?['PrivilegeId']}","RecordFilterUniqueName":"@{items('For_each_-_RolePrivilege')?['RecordFilterUniqueName']}","RecordFilterId":"@{items('For_each_-_RolePrivilege')?['RecordFilterId']}","PermissionDepth":"@{if(\r\n equals(\r\n  items('For_each_-_RolePrivilege')?['Depth'],\r\n  'Basic'\r\n ),\r\n 'User (Basic)',\r\n if(\r\n  equals(\r\n   items('For_each_-_RolePrivilege')?['Depth'],\r\n  'Local'\r\n  ),\r\n  'Business Unit (Local)',\r\n  if(\r\n   equals(\r\n    items('For_each_-_RolePrivilege')?['Depth'],\r\n   'Deep'\r\n   ),\r\n   'Parent: Child Business Unit (Deep)',\r\n   if(\r\n    equals(\r\n     items('For_each_-_RolePrivilege')?['Depth'],\r\n    'Global'\r\n    ),\r\n    'Organization (Global)',\r\n    items('For_each_-_RolePrivilege')?['Depth']\r\n   )\r\n  )\r\n )\r\n)}","RoleName":"@{items('For_Each_-_User_Role')?['name']}","RoleId":"@{items('For_Each_-_User_Role')?['roleId']}","TableLogicalName":"@{outputs('Filter_array')['body']?[0]?['LogicalName']}"}}}},"runAfter":{"Filter_array":["Succeeded"]},"type":"Foreach"}},"runAfter":{"Invoke_an_HTTP_request_-_RetrieveRolePrivilegesRole":["Succeeded"]},"type":"Foreach","runtimeConfiguration":{"concurrency":{"repetitions":50}}},"Append_to_array_variable_-_AllRolesContainingMembers_RoleUniqueId":{"type":"AppendToArrayVariable","inputs":{"name":"AllRolesContainingMembers_RoleUniqueId","value":"@items('For_Each_-_User_Role')?['roleidunique']"}},"Append_to_array_variable_-_AllRolesContainingMembers_RoleId":{"type":"AppendToArrayVariable","inputs":{"name":"AllRolesContainingMembers_RoleId","value":"@items('For_Each_-_User_Role')?['roleidunique']"}},"Condition_-_RoleTemplateId_not_null":{"actions":{"Append_to_array_variable_-_AllRolesContainingMembers_RoleTemplateId":{"type":"AppendToArrayVariable","inputs":{"name":"AllRolesContainingMembers_RoleTemplateId","value":"@items('For_Each_-_User_Role')?['_roletemplateid_value']\r\n"}}},"else":{"actions":{}},"expression":{"and":[{"not":{"equals":["@items('For_Each_-_User_Role')?['_roletemplateid_value']\r\n","@null"]}}]},"type":"If"}},"runAfter":{"Append_to_array_variable_-_UserRoleList":["Succeeded"]},"else":{"actions":{}},"expression":{"and":[{"not":{"contains":["@variables('AllRolesContainingMembers_RoleUniqueId')","@items('For_Each_-_User_Role')?['roleidunique']"]}},{"not":{"contains":["@outputs('Compose_-_Roles_to_Exclude')","@items('For_Each_-_User_Role')?['name']"]}},{"not":{"contains":["@variables('AllRolesContainingMembers_RoleId')","@items('For_Each_-_User_Role')?['roleid']\r\n"]}},{"not":{"contains":["@variables('AllRolesContainingMembers_RoleTemplateId')","@items('For_Each_-_User_Role')?['_roletemplateid_value']\r\n"]}}]},"type":"If"},"Append_to_array_variable_-_UserRoleList":{"type":"AppendToArrayVariable","inputs":{"name":"UserRoleList","value":{"UserFirstName":"@{items('For_each_-_User')?['firstname']}","UserLastName":"@{items('For_each_-_User')?['lastname']}","UserEntraObjectId":"@{items('For_each_-_User')?['azureactivedirectoryobjectid']}","RoleName":"@{items('For_Each_-_User_Role')?['name']}","RoleId":"@{items('For_Each_-_User_Role')?['roleid']}","RoleIdUnique":"@{items('For_Each_-_User_Role')?['roleidunique']}"}}}},"type":"Foreach","runtimeConfiguration":{"concurrency":{"repetitions":20}}}},"runAfter":{"List_rows_-_Users":["Succeeded"],"Invoke_an_HTTP_request_-_EntityDefinitions":["Succeeded"]},"type":"Foreach","runtimeConfiguration":{"concurrency":{"repetitions":20}}},"Invoke_an_HTTP_request_-_EntityDefinitions":{"runAfter":{"Initialize_variable_-_RoleTablePermissionsList":["Succeeded"],"Initialize_variable_-_AllRolesContainingMembers_RoleUniqueId":["Succeeded"],"Initialize_variable_-_UserRoleList":["Succeeded"]},"type":"OpenApiConnection","inputs":{"parameters":{"request/method":"GET","request/url":"@{variables('EnvironmentDynamicsUrl')}/api/data/v9.0/EntityDefinitions?$select=Privileges,DisplayName,ObjectTypeCode,LogicalName&api-version=9.1"},"host":{"apiId":"/providers/Microsoft.PowerApps/apis/shared_webcontents","connectionName":"shared_webcontents-1","operationId":"InvokeHttp"},"authentication":{"value":"@json(decodeBase64(triggerOutputs().headers['X-MS-APIM-Tokens']))['$ConnectionKey']","type":"Raw"}}},"Initialize_variable_-_RoleTablePermissionsList":{"runAfter":{"Initialize_variable_-_AllRolesContainingMembers_RoleId":["Succeeded"]},"type":"InitializeVariable","inputs":{"variables":[{"name":"RoleTablePermissionsList","type":"array"}]}},"Initialize_variable_-_UserRoleList":{"runAfter":{"Initialize_variable_-_AllRolesContainingMembers_RoleId":["Succeeded"]},"type":"InitializeVariable","inputs":{"variables":[{"name":"UserRoleList","type":"array"}]}},"Initialize_variable_-_Environment_Dynamics_URL":{"runAfter":{"Compose_-_Roles_to_Exclude":["Succeeded"]},"type":"InitializeVariable","inputs":{"variables":[{"name":"EnvironmentDynamicsUrl","type":"string","value":"https://org660f944a.crm.dynamics.com"}]}},"Compose_-_RoleTablePermissionsList":{"runAfter":{"For_each_-_User":["Succeeded"]},"type":"Compose","inputs":"@variables('RoleTablePermissionsList')"},"Compose_-_UserRoleList":{"runAfter":{"Compose_-_RoleTablePermissionsList":["Succeeded"]},"type":"Compose","inputs":"@variables('UserRoleList')"},"Initialize_variable_-_AllRolesContainingMembers_RoleTemplateId":{"runAfter":{"Initialize_variable_-_Environment_Dynamics_URL":["Succeeded"]},"type":"InitializeVariable","inputs":{"variables":[{"name":"AllRolesContainingMembers_RoleTemplateId","type":"array"}]}},"Initialize_variable_-_AllRolesContainingMembers_RoleId":{"runAfter":{"Initialize_variable_-_AllRolesContainingMembers_RoleTemplateId":["Succeeded"]},"type":"InitializeVariable","inputs":{"variables":[{"name":"AllRolesContainingMembers_RoleId","type":"array"}]}},"Compose_-_Roles_to_Exclude":{"runAfter":{},"type":"Compose","inputs":"['System Administrator', 'Basic User', 'Service Writer','App Opener','Service Deleter','Environment Maker']"},"Send_an_email_(V2)":{"runAfter":{"Create_CSV_table_-_RoleTablePermissionsList":["Succeeded"]},"type":"OpenApiConnection","inputs":{"parameters":{"emailMessage/To":"jakegwynn@jakegwynndemo.com","emailMessage/Subject":"Dataverse Environment Security Role Reports","emailMessage/Body":"<p class=\"editor-paragraph\">Reports are attached.</p>","emailMessage/Attachments":[{"ContentBytes":"@variables('RoleTablePermissionsList')","Name":"RoleTablePermissionsList.csv"},{"ContentBytes":"@variables('UserRoleList')","Name":"UserRoleList.csv"}],"emailMessage/Importance":"Normal"},"host":{"apiId":"/providers/Microsoft.PowerApps/apis/shared_office365","connectionName":"shared_office365","operationId":"SendEmailV2"},"authentication":{"value":"@json(decodeBase64(triggerOutputs().headers['X-MS-APIM-Tokens']))['$ConnectionKey']","type":"Raw"}}},"Create_CSV_table_-_UserRolelist":{"runAfter":{"Compose_-_UserRoleList":["Succeeded"]},"type":"Table","inputs":{"from":"@variables('UserRoleList')","format":"CSV"}},"Create_CSV_table_-_RoleTablePermissionsList":{"runAfter":{"Create_CSV_table_-_UserRolelist":["Succeeded"]},"type":"Table","inputs":{"from":"@variables('RoleTablePermissionsList')","format":"CSV"}}}},"connectionReferences":{"shared_commondataserviceforapps":{"connectionName":"shared-commondataser-6f8b923d-5e5a-4b27-9b04-82ac488858ec","source":"Embedded","id":"/providers/Microsoft.PowerApps/apis/shared_commondataserviceforapps","tier":"NotSpecified","apiName":"commondataserviceforapps"},"shared_webcontents-1":{"connectionName":"shared-webcontents-c62cf6f1-48fc-46c3-a3a2-a5631dbe677e","source":"Invoker","id":"/providers/Microsoft.PowerApps/apis/shared_webcontents","tier":"NotSpecified","apiName":"webcontents"},"shared_office365":{"connectionName":"6641b3d01c614aeea02c254edfb4e8d0","source":"Invoker","id":"/providers/Microsoft.PowerApps/apis/shared_office365","tier":"NotSpecified","apiName":"office365"}},"flowFailureAlertSubscribed":false,"isManaged":false}}